image_path,title,popularity,release_date,image_height,image_width
filtered_posters1/poster_0.jpg,57 Seconds,1036.051,2023-09-29,750,500
filtered_posters1/poster_1.jpg,Mission: Impossible - Dead Reckoning Part One,3132.329,2023-07-08,750,500
filtered_posters1/poster_2.jpg,Expend4bles,1063.874,2023-09-15,750,500
filtered_posters1/poster_3.jpg,Sound of Freedom,1271.779,2023-07-03,750,500
filtered_posters1/poster_4.jpg,Nowhere,1290.251,2023-09-29,750,500
filtered_posters1/poster_5.jpg,The Nun II,1706.801,2023-09-06,750,500
filtered_posters1/poster_6.jpg,Talk to Me,1188.455,2023-07-26,750,500
filtered_posters1/poster_7.jpg,Gran Turismo,1025.362,2023-08-09,750,500
filtered_posters1/poster_8.jpg,Ballerina,1091.044,2023-10-05,750,500
filtered_posters1/poster_9.jpg,Retribution,697.448,2023-08-23,750,500
filtered_posters1/poster_10.jpg,The Kill Room,705.024,2023-09-14,750,500
filtered_posters1/poster_11.jpg,Muzzle,855.615,2023-09-29,750,500
filtered_posters1/poster_12.jpg,Meg 2: The Trench,942.047,2023-08-02,750,500
filtered_posters1/poster_13.jpg,Fast X,761.431,2023-05-17,750,500
filtered_posters1/poster_14.jpg,PAW Patrol: The Mighty Movie,897.568,2023-09-21,750,500
filtered_posters1/poster_15.jpg,After Everything,667.278,2023-09-13,750,500
filtered_posters1/poster_16.jpg,Barbie,637.727,2023-07-19,750,500
filtered_posters1/poster_17.jpg,Overhaul,579.324,2023-09-27,750,500
filtered_posters1/poster_18.jpg,Uri: The Surgical Strike,532.808,2019-01-11,750,500
filtered_posters1/poster_19.jpg,Elemental,558.946,2023-06-14,750,500
filtered_posters1/poster_20.jpg,Transformers: Rise of the Beasts,546.911,2023-06-06,750,500
filtered_posters1/poster_21.jpg,Saw X,521.01,2023-09-26,750,500
filtered_posters1/poster_22.jpg,Totally Killer,490.274,2023-09-28,750,500
filtered_posters1/poster_23.jpg,Haunted Mansion,486.811,2023-07-26,750,500
filtered_posters1/poster_24.jpg,Race to the Summit,438.188,2023-10-04,750,500
filtered_posters1/poster_25.jpg,Spider-Man: Across the Spider-Verse,457.419,2023-05-31,750,500
filtered_posters1/poster_26.jpg,V/H/S/85,456.884,2023-09-22,750,500
filtered_posters1/poster_27.jpg,Sniper: G.R.I.T. - Global Response & Intelligence Team,426.978,2023-09-26,750,500
filtered_posters1/poster_28.jpg,Killers of the Flower Moon,426.252,2023-10-18,750,500
filtered_posters1/poster_29.jpg,The Exorcist: Believer,424.79,2023-10-04,750,500
filtered_posters1/poster_30.jpg,Indiana Jones and the Dial of Destiny,420.768,2023-06-28,750,500
filtered_posters1/poster_31.jpg,John Wick: Chapter 4,408.059,2023-03-22,750,500
filtered_posters1/poster_32.jpg,The Flash,388.005,2023-06-13,750,500
filtered_posters1/poster_33.jpg,Mortal Kombat Legends: Cage Match,413.412,2023-10-17,750,500
filtered_posters1/poster_34.jpg,Oppenheimer,400.615,2023-07-19,750,500
filtered_posters1/poster_35.jpg,The Super Mario Bros. Movie,393.338,2023-04-05,750,500
filtered_posters1/poster_36.jpg,Carl's Date,373.017,2023-06-15,750,500
filtered_posters1/poster_37.jpg,Zero Fucks Given,357.292,2022-03-02,750,500
filtered_posters1/poster_38.jpg,Pet Sematary: Bloodlines,368.519,2023-09-23,750,500
filtered_posters1/poster_39.jpg,The Mill,352.035,2023-10-09,750,500
filtered_posters1/poster_40.jpg,Know Fear,320.501,2022-01-20,750,500
filtered_posters1/poster_41.jpg,Let Her Kill You,318.53,2023-03-08,750,500
filtered_posters1/poster_42.jpg,Finnick,338.429,2022-03-24,750,500
filtered_posters1/poster_43.jpg,¿Quieres ser mi hijo?,311.918,2023-09-21,750,500
filtered_posters1/poster_44.jpg,The Ritual Killer,311.611,2023-03-09,750,500
filtered_posters1/poster_45.jpg,The Little Mermaid,308.875,2023-05-18,750,500
filtered_posters1/poster_46.jpg,Kandahar,308.138,2023-05-25,750,500
filtered_posters1/poster_47.jpg,No One Will Save You,283.041,2023-09-22,750,500
filtered_posters1/poster_48.jpg,Operation Napoleon,301.002,2023-01-26,750,500
filtered_posters1/poster_49.jpg,Amigos,269.001,2023-02-10,750,500
filtered_posters1/poster_50.jpg,Guardians of the Galaxy Vol. 3,278.161,2023-05-03,750,500
filtered_posters1/poster_51.jpg,It Lives Inside,266.115,2023-09-06,750,500
filtered_posters1/poster_52.jpg,My Fault,263.963,2023-06-08,750,500
filtered_posters1/poster_53.jpg,Don't Look Away,258.19,2023-09-01,750,500
filtered_posters1/poster_54.jpg,Heart of Stone,257.526,2023-08-09,750,500
filtered_posters1/poster_55.jpg,Appendage,250.304,2023-03-11,750,500
filtered_posters1/poster_56.jpg,Teenage Mutant Ninja Turtles: Mutant Mayhem,254.841,2023-07-31,750,500
filtered_posters1/poster_57.jpg,Strays,249.594,2023-08-17,750,500
filtered_posters1/poster_58.jpg,Mondocane,249.443,2021-09-03,750,500
filtered_posters1/poster_59.jpg,The Black Book,246.957,2023-09-22,750,500
filtered_posters1/poster_60.jpg,Avatar: The Way of Water,247.406,2022-12-14,750,500
filtered_posters1/poster_61.jpg,Just Super,238.823,2022-09-30,750,500
filtered_posters1/poster_62.jpg,Puss in Boots: The Last Wish,233.476,2022-12-07,750,500
filtered_posters1/poster_63.jpg,Detective Conan: Black Iron Submarine,233.192,2023-04-14,750,500
filtered_posters1/poster_64.jpg,Ogre,232.016,2022-04-20,750,500
filtered_posters1/poster_65.jpg,Insidious: The Red Door,228.996,2023-07-05,750,500
filtered_posters1/poster_66.jpg,Adipurush,230.466,2023-06-16,750,500
filtered_posters1/poster_67.jpg,Make Me Scream,230.311,2023-10-02,750,500
filtered_posters1/poster_68.jpg,Two Of A Kind,226.513,2022-09-28,750,500
filtered_posters1/poster_69.jpg,The Equalizer,223.155,2014-09-24,750,500
filtered_posters1/poster_70.jpg,The Creator,223.103,2023-09-27,750,500
filtered_posters1/poster_71.jpg,Fair Play,211.821,2023-09-28,750,500
filtered_posters1/poster_72.jpg,"Scooby-Doo! And Krypto, Too!",206.625,2023-09-26,750,500
filtered_posters1/poster_73.jpg,Monster Inside: America's Most Extreme Haunted House,199.411,2023-10-12,750,500
filtered_posters1/poster_74.jpg,One Piece Film Red,196.996,2022-08-06,750,500
filtered_posters1/poster_75.jpg,"Ruby Gillman, Teenage Kraken",196.004,2023-06-28,750,500
filtered_posters1/poster_76.jpg,Mavka: The Forest Song,194.396,2023-03-02,750,500
filtered_posters1/poster_77.jpg,The Flood,191.371,2023-07-14,750,500
filtered_posters1/poster_78.jpg,No Hard Feelings,188.787,2023-06-15,750,500
filtered_posters1/poster_79.jpg,Spy Kids: Armageddon,186.382,2023-09-22,750,500
filtered_posters1/poster_80.jpg,Resident Evil: Death Island,186.062,2023-06-22,750,500
filtered_posters1/poster_81.jpg,The Last Voyage of the Demeter,185.094,2023-08-09,750,500
filtered_posters1/poster_82.jpg,"Miraculous: Ladybug & Cat Noir, The Movie",182.087,2023-07-05,750,500
filtered_posters1/poster_83.jpg,Top Gun: Maverick,181.654,2022-05-24,750,500
filtered_posters1/poster_84.jpg,Dark Harvest,181.619,2023-10-11,750,500
filtered_posters1/poster_85.jpg,Finding Steve McQueen,175.665,2019-03-15,750,500
filtered_posters1/poster_86.jpg,Spider-Man: No Way Home,178.162,2021-12-15,750,500
filtered_posters1/poster_87.jpg,Warhorse One,174.908,2023-06-30,750,500
filtered_posters1/poster_88.jpg,Cats in the Museum,175.212,2023-03-23,750,500
filtered_posters1/poster_89.jpg,Sisu,172.368,2023-01-27,750,500
filtered_posters1/poster_90.jpg,A Deadly Invitation,169.776,2023-10-06,750,500
filtered_posters1/poster_91.jpg,The Pope's Exorcist,169.625,2023-04-05,750,500
filtered_posters1/poster_92.jpg,Guy Ritchie's The Covenant,169.526,2023-04-19,750,500
filtered_posters1/poster_93.jpg,The Conference,166.984,2023-10-13,750,500
filtered_posters1/poster_94.jpg,Heist 88,167.279,2023-09-29,750,500
filtered_posters1/poster_95.jpg,Scream VI,166.343,2023-03-08,750,500
filtered_posters1/poster_96.jpg,Jikirag,165.941,2022-09-02,750,500
filtered_posters1/poster_97.jpg,Avengers: Infinity War,165.451,2018-04-25,750,500
filtered_posters1/poster_98.jpg,Knights of the Zodiac,164.398,2023-04-27,750,500
filtered_posters1/poster_99.jpg,Rick and Morty: The Great Yokai Battle of Akihabara,162.36,2021-10-11,750,500
filtered_posters1/poster_100.jpg,Zack Snyder's Justice League,160.646,2021-03-18,750,500
filtered_posters1/poster_101.jpg,Lost in the Stars,161.337,2023-06-22,750,500
filtered_posters1/poster_102.jpg,Ant-Man and the Wasp: Quantumania,160.504,2023-02-15,750,500
filtered_posters1/poster_103.jpg,Angela,160.079,2023-09-07,750,500
filtered_posters1/poster_104.jpg,Extraction 2,160.386,2023-06-09,750,500
filtered_posters1/poster_105.jpg,The Nun,155.728,2018-09-05,750,500
filtered_posters1/poster_106.jpg,Encanto,156.685,2021-10-13,750,500
filtered_posters1/poster_107.jpg,The Tomorrow War,155.366,2021-09-03,750,500
filtered_posters1/poster_108.jpg,Creed III,152.434,2023-03-01,750,500
filtered_posters1/poster_109.jpg,The Seven Deadly Sins: Grudge of Edinburgh Part 2,151.76,2023-08-08,750,500
filtered_posters1/poster_110.jpg,Black Panther: Wakanda Forever,150.496,2022-11-09,750,500
filtered_posters1/poster_111.jpg,M3GAN,149.404,2022-12-28,750,500
filtered_posters1/poster_112.jpg,Evil Dead Rise,150.134,2023-04-12,750,500
filtered_posters1/poster_113.jpg,After Ever Happy,150.078,2022-08-24,750,500
filtered_posters1/poster_114.jpg,After,149.386,2019-04-11,750,500
filtered_posters1/poster_115.jpg,Rage,147.721,2023-06-03,750,500
filtered_posters1/poster_116.jpg,Shortcomings,147.519,2023-08-04,750,500
filtered_posters1/poster_117.jpg,Special Delivery,147.508,2022-01-12,750,500
filtered_posters1/poster_118.jpg,Freestyle,147.203,2023-09-13,750,500
filtered_posters1/poster_119.jpg,The Conjuring: The Devil Made Me Do It,146.973,2021-05-25,750,500
filtered_posters1/poster_120.jpg,Hidden Strike,147.475,2023-07-06,750,500
filtered_posters1/poster_121.jpg,Hypnotic,146.912,2023-05-11,750,500
filtered_posters1/poster_122.jpg,El hombre del saco,146.349,2023-08-11,750,500
filtered_posters1/poster_123.jpg,The Burial,146.343,2023-10-06,750,500
filtered_posters1/poster_124.jpg,After We Fell,146.027,2021-09-01,750,500
filtered_posters1/poster_125.jpg,Ghost in the Shell: SAC_2045 Sustainable War,145.939,2021-12-21,750,500
filtered_posters1/poster_126.jpg,Murder City,145.271,2023-06-29,750,500
filtered_posters1/poster_127.jpg,The Equalizer 2,145.198,2018-07-19,750,500
filtered_posters1/poster_128.jpg,Stalker,143.022,2020-08-31,750,500
filtered_posters1/poster_129.jpg,Me Vuelves Loca,142.073,2023-09-07,750,500
filtered_posters1/poster_130.jpg,Mojave Diamonds,141.503,2023-08-24,750,500
filtered_posters1/poster_131.jpg,The Rat Catcher,138.658,2023-09-29,750,500
filtered_posters1/poster_132.jpg,Dungeons & Dragons: Honor Among Thieves,140.138,2023-03-23,750,500
filtered_posters1/poster_133.jpg,Bottoms,137.325,2023-08-25,750,500
filtered_posters1/poster_134.jpg,A Really Haunted Loud House,137.483,2023-09-28,750,500
filtered_posters1/poster_135.jpg,Shazam! Fury of the Gods,139.808,2023-03-15,750,500
filtered_posters1/poster_136.jpg,Legacy Peak,136.123,2022-09-22,750,500
filtered_posters1/poster_137.jpg,Mob Land,135.101,2023-08-04,750,500
filtered_posters1/poster_138.jpg,Poison,134.602,2023-09-30,750,500
filtered_posters1/poster_139.jpg,Reptile,134.093,2023-09-29,750,500
filtered_posters1/poster_140.jpg,Epic Tails,134.465,2023-01-25,750,500
filtered_posters1/poster_141.jpg,The Hummingbird,133.35,2022-10-14,750,500
filtered_posters1/poster_142.jpg,TAYLOR SWIFT | THE ERAS TOUR,133.912,2023-10-12,750,500
filtered_posters1/poster_143.jpg,San Andreas,127.299,2015-05-27,750,500
filtered_posters1/poster_144.jpg,Dog,127.239,2022-02-17,750,500
filtered_posters1/poster_145.jpg,Mira,127.058,2022-12-22,750,500
filtered_posters1/poster_146.jpg,Soulcatcher,126.467,2023-08-02,750,500
filtered_posters1/poster_147.jpg,After We Collided,124.487,2020-09-02,750,500
filtered_posters1/poster_148.jpg,Black Adam,124.158,2022-10-19,750,500
filtered_posters1/poster_149.jpg,War of the Worlds : The Attack,124.471,2023-04-21,750,500
filtered_posters1/poster_150.jpg,I Am Rage,123.781,2023-09-14,750,500
filtered_posters1/poster_151.jpg,El Conde,123.14,2023-09-08,750,500
filtered_posters1/poster_152.jpg,Fall,121.466,2022-08-11,750,500
filtered_posters1/poster_153.jpg,Awareness,120.47,2023-03-16,750,500
filtered_posters1/poster_154.jpg,Black Clover: Sword of the Wizard King,121.392,2023-06-16,750,500
filtered_posters1/poster_155.jpg,Cobweb,120.444,2023-07-19,750,500
filtered_posters1/poster_156.jpg,Jurassic World Dominion,119.426,2022-06-01,750,500
filtered_posters1/poster_157.jpg,La Leyenda de los Chaneques,119.907,2023-07-14,750,500
filtered_posters1/poster_158.jpg,Doraemon: Nobita's Sky Utopia,120.405,2023-03-03,750,500
filtered_posters1/poster_159.jpg,Paydirt,119.232,2020-08-07,750,500
filtered_posters1/poster_160.jpg,Mortal Kombat Legends: Scorpion's Revenge,118.223,2020-04-12,750,500
filtered_posters1/poster_161.jpg,The Boogeyman,117.93,2023-05-31,750,500
filtered_posters1/poster_162.jpg,Avengers: Endgame,117.323,2019-04-24,750,500
filtered_posters1/poster_163.jpg,The Great Arms Robbery,116.22,2022-04-09,750,500
filtered_posters1/poster_164.jpg,Prey,115.412,2022-08-02,750,500
filtered_posters1/poster_165.jpg,Til Death Do Us Part,115.701,2023-08-03,750,500
filtered_posters1/poster_166.jpg,PAW Patrol: The Movie,115.423,2021-08-09,750,500
filtered_posters1/poster_167.jpg,Forgotten Love,114.9,2023-09-27,750,500
filtered_posters1/poster_168.jpg,Mon héroïne,114.534,2022-12-14,750,500
filtered_posters1/poster_169.jpg,Jagun Jagun,114.448,2023-08-10,750,500
filtered_posters1/poster_170.jpg,Love Is in the Air,113.787,2023-09-28,750,500
filtered_posters1/poster_171.jpg,Sonic the Hedgehog 2,114.432,2022-04-08,750,500
filtered_posters1/poster_172.jpg,Terminator Genisys,111.594,2015-06-23,750,500
filtered_posters1/poster_173.jpg,The Maze Runner,111.959,2014-09-10,750,500
filtered_posters1/poster_174.jpg,Suzume,111.079,2022-11-11,750,500
filtered_posters1/poster_175.jpg,The Magic Flute,110.521,2022-09-30,750,500
filtered_posters1/poster_176.jpg,Doctor Strange in the Multiverse of Madness,110.323,2022-05-04,750,500
filtered_posters1/poster_177.jpg,The Batman,109.057,2022-03-01,750,500
filtered_posters1/poster_178.jpg,The Haunted Museum: 3 Ring Inferno,108.331,2022-10-31,750,500
filtered_posters1/poster_179.jpg,Winnie the Pooh: Blood and Honey,108.153,2023-01-27,750,500
filtered_posters1/poster_180.jpg,Justice League: Warworld,107.287,2023-07-25,750,500
filtered_posters1/poster_181.jpg,Spiral: From the Book of Saw,107.042,2021-05-12,750,500
filtered_posters1/poster_182.jpg,Ghosted,107.116,2023-04-18,750,500
filtered_posters1/poster_183.jpg,Hacksaw Ridge,106.328,2016-10-07,750,500
filtered_posters1/poster_184.jpg,Radical,105.368,2023-10-19,750,500
filtered_posters1/poster_185.jpg,Thor: Love and Thunder,106.269,2022-07-06,750,500
filtered_posters1/poster_186.jpg,Scream,104.146,2022-01-12,750,500
filtered_posters1/poster_187.jpg,Creation of the Gods I: Kingdom of Storms,103.881,2023-07-20,750,500
filtered_posters1/poster_188.jpg,Ahasss,103.696,2023-10-13,750,500
filtered_posters1/poster_189.jpg,Shin Kamen Rider,103.319,2023-03-17,750,500
filtered_posters1/poster_190.jpg,The Lion King,103.511,2019-07-12,750,500
filtered_posters1/poster_191.jpg,Trolls Band Together,103.344,2023-10-12,750,500
filtered_posters1/poster_192.jpg,Fifty Shades of Grey,103.059,2015-02-11,750,500
filtered_posters1/poster_193.jpg,Turning Red,103.25,2022-03-10,750,500
filtered_posters1/poster_194.jpg,I Love My Dad,102.283,2022-08-05,750,500
filtered_posters1/poster_195.jpg,The Wonderful Story of Henry Sugar,103.032,2023-09-20,750,500
filtered_posters1/poster_196.jpg,The Hobbit: The Battle of the Five Armies,102.213,2014-12-10,750,500
filtered_posters1/poster_197.jpg,The Darkest Minds,102.204,2018-07-25,750,500
filtered_posters1/poster_198.jpg,Terrifier 2,102.094,2022-10-06,750,500
filtered_posters1/poster_199.jpg,Kaguya-sama: Love Is War -The First Kiss That Never Ends-,101.927,2022-12-17,750,500
filtered_posters1/poster_200.jpg,Me Before You,101.91,2016-06-01,750,500
filtered_posters1/poster_201.jpg,Shadow Master,101.023,2022-11-03,750,500
filtered_posters1/poster_202.jpg,A Haunting in Venice,100.73,2023-09-13,750,500
filtered_posters1/poster_203.jpg,Chef Jack: The Adventurous Cook,100.062,2023-01-19,750,500
filtered_posters1/poster_204.jpg,The Squad: Home Run,99.952,2023-08-25,750,500
filtered_posters1/poster_205.jpg,Mortal Kombat Legends: Battle of the Realms,99.917,2021-08-31,750,500
filtered_posters1/poster_206.jpg,The Devil Conspiracy,99.543,2023-01-13,750,500
filtered_posters1/poster_207.jpg,Spider-Man: Homecoming,98.957,2017-07-05,750,500
filtered_posters1/poster_208.jpg,97 Minutes,98.762,2023-06-09,750,500
filtered_posters1/poster_209.jpg,Girlfriend's Taste 2,97.543,2020-11-13,750,500
filtered_posters1/poster_210.jpg,Terminator: Dark Fate,97.382,2019-10-23,750,500
filtered_posters1/poster_211.jpg,The Monkey King,97.327,2023-08-11,750,500
filtered_posters1/poster_212.jpg,Sword Art Online the Movie -Progressive- Scherzo of Deep Night,95.657,2022-10-22,750,500
filtered_posters1/poster_213.jpg,Heaven in Hell,94.354,2023-02-10,750,500
filtered_posters1/poster_214.jpg,365 Days: This Day,94.053,2022-04-27,750,500
filtered_posters1/poster_215.jpg,Road Trip Hostage,93.947,2023-04-29,750,500
filtered_posters1/poster_216.jpg,The Wolf of Wall Street,93.862,2013-12-25,750,500
filtered_posters1/poster_217.jpg,Dampyr,93.344,2022-10-28,750,500
filtered_posters1/poster_218.jpg,Dragon Ball Super: Super Hero,92.579,2022-06-11,750,500
filtered_posters1/poster_219.jpg,Dune,92.302,2021-09-15,750,500
filtered_posters1/poster_220.jpg,Mission: Impossible - Fallout,91.252,2018-07-13,750,500
filtered_posters1/poster_221.jpg,The Black Demon,91.74,2023-04-26,750,500
filtered_posters1/poster_222.jpg,Heroic,90.757,2023-09-21,750,500
filtered_posters1/poster_223.jpg,Minions: The Rise of Gru,91.236,2022-06-29,750,500
filtered_posters1/poster_224.jpg,Sons of Summer,90.623,2023-07-28,750,500
filtered_posters1/poster_225.jpg,Venom: Let There Be Carnage,90.462,2021-09-30,750,500
filtered_posters1/poster_226.jpg,It Chapter Two,90.121,2019-09-04,750,500
filtered_posters1/poster_227.jpg,The Tutor,90.184,2023-03-24,750,500
filtered_posters1/poster_228.jpg,The Next 365 Days,89.511,2022-08-19,750,500
filtered_posters1/poster_229.jpg,X,88.857,2022-03-17,750,500
filtered_posters1/poster_230.jpg,Your Name.,89.012,2016-08-26,750,500
filtered_posters1/poster_231.jpg,Deadpool,87.656,2016-02-09,750,500
filtered_posters1/poster_232.jpg,Sniper: The White Raven,87.018,2022-05-03,750,500
filtered_posters1/poster_233.jpg,Fury,88.55,2014-10-15,750,500
filtered_posters1/poster_234.jpg,My First Barbie: Happy DreamDay,86.699,2023-02-13,750,500
filtered_posters1/poster_235.jpg,A Trip to Infinity,86.617,2022-09-26,750,500
filtered_posters1/poster_236.jpg,Spider-Man: Into the Spider-Verse,86.217,2018-12-06,750,500
filtered_posters1/poster_237.jpg,The Wonderful World of Mickey Mouse: Steamboat Silly,86.616,2023-07-28,750,500
filtered_posters1/poster_238.jpg,Project Legion,86.123,2022-10-07,750,500
filtered_posters1/poster_239.jpg,SHIROBAKO The Movie,85.954,2020-02-29,750,500
filtered_posters1/poster_240.jpg,Demon Slayer -Kimetsu no Yaiba- The Movie: Mugen Train,86.119,2020-10-16,750,500
filtered_posters1/poster_241.jpg,Big George Foreman,85.148,2023-04-27,750,500
filtered_posters1/poster_242.jpg,Miss Hokusai,85.089,2015-05-09,750,500
filtered_posters1/poster_243.jpg,Cocaine Bear,84.999,2023-02-22,750,500
filtered_posters1/poster_244.jpg,Doctor Strange,85.054,2016-10-25,750,500
filtered_posters1/poster_245.jpg,The Expendables 3,84.085,2014-08-07,750,500
filtered_posters1/poster_246.jpg,Terrifier,83.025,2018-01-25,750,500
filtered_posters1/poster_247.jpg,Plane,82.794,2023-01-12,750,500
filtered_posters1/poster_248.jpg,John Wick: Chapter 2,82.614,2017-02-08,750,500
filtered_posters1/poster_249.jpg,Uncharted,82.794,2022-02-10,750,500
filtered_posters1/poster_250.jpg,In the Fire,82.373,2023-09-14,750,500
filtered_posters1/poster_251.jpg,The Wandering Earth II,82.456,2023-01-22,750,500
filtered_posters1/poster_252.jpg,Joker,82.226,2019-10-01,750,500
filtered_posters1/poster_253.jpg,Shang-Chi and the Legend of the Ten Rings,82.284,2021-09-01,750,500
filtered_posters1/poster_254.jpg,Bernie the Dolphin 2,81.929,2019-12-17,750,500
filtered_posters1/poster_255.jpg,Fear the Night,81.233,2023-07-21,750,500
filtered_posters1/poster_256.jpg,Spirit of Fear,80.838,2023-07-31,750,500
filtered_posters1/poster_257.jpg,Hocus Pocus 2,81.009,2022-09-30,750,500
filtered_posters1/poster_258.jpg,Spider-Man: Far From Home,80.703,2019-06-28,750,500
filtered_posters1/poster_259.jpg,Into the Abyss,80.566,2023-07-06,750,500
filtered_posters1/poster_260.jpg,Scarygirl,80.447,2023-10-05,750,500
filtered_posters1/poster_261.jpg,The Out-Laws,80.034,2023-07-07,750,500
filtered_posters1/poster_262.jpg,All Quiet on the Western Front,79.801,2022-10-07,750,500
filtered_posters1/poster_263.jpg,Cruella,79.688,2021-05-26,750,500
filtered_posters1/poster_264.jpg,Bunker,79.748,2023-09-14,750,500
filtered_posters1/poster_265.jpg,Insidious: The Last Key,79.361,2018-01-03,750,500
filtered_posters1/poster_266.jpg,"The Gangster, the Cop, the Devil",79.678,2019-05-15,750,500
filtered_posters1/poster_267.jpg,A Good Day to Die Hard,78.813,2013-02-06,750,500
filtered_posters1/poster_268.jpg,Killer Book Club,78.807,2023-08-25,750,500
filtered_posters1/poster_269.jpg,A Million Miles Away,78.637,2023-09-08,750,500
filtered_posters1/poster_270.jpg,Desperation Road,78.488,2023-10-19,750,500
filtered_posters1/poster_271.jpg,Babylon 5: The Road Home,78.512,2023-08-15,750,500
filtered_posters1/poster_272.jpg,Infinite,78.215,2021-09-09,750,500
filtered_posters1/poster_273.jpg,Project Wolf Hunting,78.228,2022-09-21,750,500
filtered_posters1/poster_274.jpg,Love Accidentally,77.893,2022-07-15,750,500
filtered_posters1/poster_275.jpg,The Exorcism of God,77.913,2022-03-11,750,500
filtered_posters1/poster_276.jpg,No Accident,77.851,2023-09-29,750,500
filtered_posters1/poster_277.jpg,John Wick: Chapter 3 - Parabellum,77.683,2019-05-15,750,500
filtered_posters1/poster_278.jpg,The Meg,77.687,2018-08-09,750,500
filtered_posters1/poster_279.jpg,Fist of the Condor,77.175,2023-04-04,750,500
filtered_posters1/poster_280.jpg,Green Book,76.116,2018-11-16,750,500
filtered_posters1/poster_281.jpg,Prey for the Devil,75.857,2022-10-23,750,500
filtered_posters1/poster_282.jpg,Bullet Train,75.797,2022-08-03,750,500
filtered_posters1/poster_283.jpg,Godzilla vs. Kong,75.64,2021-03-24,750,500
filtered_posters1/poster_284.jpg,The Curse of Robert the Doll,75.266,2023-10-03,750,500
filtered_posters1/poster_285.jpg,The Last Kingdom: Seven Kings Must Die,75.243,2023-04-14,750,500
filtered_posters1/poster_286.jpg,Incredibles 2,75.167,2018-06-14,750,500
filtered_posters1/poster_287.jpg,Demon Slayer: Kimetsu no Yaiba Sibling's Bond,74.809,2019-03-29,750,500
filtered_posters1/poster_288.jpg,Gabriel's Inferno: Part IV,74.683,2022-03-30,750,500
filtered_posters1/poster_289.jpg,20th Century Girl,74.711,2022-10-06,750,500
filtered_posters1/poster_290.jpg,Fast & Furious Presents: Hobbs & Shaw,74.654,2019-08-01,750,500
filtered_posters1/poster_291.jpg,Zom 100: Bucket List of the Dead,74.425,2023-08-03,750,500
filtered_posters1/poster_292.jpg,Crater,74.265,2023-05-12,750,500
filtered_posters1/poster_293.jpg,The Addams Family 2,73.83,2021-10-01,750,500
filtered_posters1/poster_294.jpg,Ambush,73.645,2023-02-24,750,500
filtered_posters1/poster_295.jpg,Frozen,73.233,2013-11-20,750,500
filtered_posters1/poster_296.jpg,How to Deal with a Heartbreak,73.181,2023-07-06,750,500
filtered_posters1/poster_297.jpg,Sing 2,72.953,2021-12-01,750,500
filtered_posters1/poster_298.jpg,The Hunger Games: Mockingjay - Part 1,72.695,2014-11-19,750,500
filtered_posters1/poster_299.jpg,Knock at the Cabin,72.21,2023-02-01,750,500
filtered_posters1/poster_300.jpg,Kingdom 2: Far and Away,72.76,2022-07-15,750,500
filtered_posters1/poster_301.jpg,Moonfall,72.14,2022-02-03,750,500
filtered_posters1/poster_302.jpg,Deadpool 2,71.825,2018-05-10,750,500
filtered_posters1/poster_303.jpg,Buddy Games: Spring Awakening,71.583,2023-05-19,750,500
filtered_posters1/poster_304.jpg,Everything Everywhere All at Once,71.517,2022-03-24,750,500
filtered_posters1/poster_305.jpg,The Mother,71.444,2023-05-04,750,500
filtered_posters1/poster_306.jpg,Free Guy,71.493,2021-08-11,750,500
filtered_posters1/poster_307.jpg,The Mistress,71.404,2023-07-28,750,500
filtered_posters1/poster_308.jpg,The Amazing Spider-Man 2,71.197,2014-04-16,750,500
filtered_posters1/poster_309.jpg,To Catch a Killer,71.13,2023-04-06,750,500
filtered_posters1/poster_310.jpg,The King's Man,70.994,2021-12-22,750,500
filtered_posters1/poster_311.jpg,Operation Fortune: Ruse de Guerre,70.936,2023-01-04,750,500
filtered_posters1/poster_312.jpg,Get Out,70.558,2017-02-24,750,500
filtered_posters1/poster_313.jpg,Cinderella,70.394,2015-03-06,750,500
filtered_posters1/poster_314.jpg,Beast,70.14,2022-08-11,750,500
filtered_posters1/poster_315.jpg,Mission: Impossible - Rogue Nation,69.575,2015-07-23,750,500
filtered_posters1/poster_316.jpg,Raya and the Last Dragon,69.809,2021-03-03,750,500
filtered_posters1/poster_317.jpg,Ìjọ̀gbọ̀n,69.376,2023-10-13,750,500
filtered_posters1/poster_318.jpg,Furious 7,69.221,2015-04-01,750,500
filtered_posters1/poster_319.jpg,Frozen II,69.087,2019-11-20,750,500
filtered_posters1/poster_320.jpg,Parasite,68.828,2019-05-30,750,500
filtered_posters1/poster_321.jpg,Wrath of Man,68.729,2021-04-22,750,500
filtered_posters1/poster_322.jpg,Remember,68.354,2022-10-26,750,500
filtered_posters1/poster_323.jpg,Goatman,68.187,2023-04-17,750,500
filtered_posters1/poster_324.jpg,Pleasure,68.087,2021-10-08,750,500
filtered_posters1/poster_325.jpg,My Cousin Sister,67.807,2019-06-03,750,500
filtered_posters1/poster_326.jpg,Teenage Mutant Ninja Turtles,67.639,2014-08-07,750,500
filtered_posters1/poster_327.jpg,Big Sur Gay Porn,67.603,2023-06-16,750,500
filtered_posters1/poster_328.jpg,That Time I Got Reincarnated as a Slime the Movie: Scarlet Bond,67.634,2022-11-25,750,500
filtered_posters1/poster_329.jpg,Monster Hunter,67.552,2020-12-03,750,500
filtered_posters1/poster_330.jpg,My Big Fat Greek Wedding 3,67.501,2023-09-07,750,500
filtered_posters1/poster_331.jpg,Halloween Ends,67.122,2022-10-12,750,500
filtered_posters1/poster_332.jpg,Accident Man: Hitman's Holiday,67.22,2022-10-14,750,500
filtered_posters1/poster_333.jpg,Black Widow,67.107,2021-07-07,750,500
filtered_posters1/poster_334.jpg,The Boss Baby: Family Business,66.857,2021-07-01,750,500
filtered_posters1/poster_335.jpg,Fantastic Beasts: The Secrets of Dumbledore,66.923,2022-04-06,750,500
filtered_posters1/poster_336.jpg,A Quiet Place Part II,66.806,2021-05-21,750,500
filtered_posters1/poster_337.jpg,Mr. Car and the Knights Templar,66.662,2023-07-12,750,500
filtered_posters1/poster_338.jpg,A Quiet Place,66.343,2018-04-03,750,500
filtered_posters1/poster_339.jpg,The Woman King,66.288,2022-09-16,750,500
filtered_posters1/poster_340.jpg,Eternals,66.066,2021-11-03,750,500
filtered_posters1/poster_341.jpg,Boyka: Undisputed IV,65.351,2016-08-01,750,500
filtered_posters1/poster_342.jpg,Balkan Line,65.355,2019-03-21,750,500
filtered_posters1/poster_343.jpg,Captain America: Civil War,64.646,2016-04-27,750,500
filtered_posters1/poster_344.jpg,The Matrix Resurrections,64.623,2021-12-16,750,500
filtered_posters1/poster_345.jpg,Babylon,64.591,2022-12-22,750,500
filtered_posters1/poster_346.jpg,Ghosts of Flight 401,64.176,2023-10-03,750,500
filtered_posters1/poster_347.jpg,The Northman,64.292,2022-04-07,750,500
filtered_posters1/poster_348.jpg,Toy Story 4,63.946,2019-06-19,750,500
filtered_posters1/poster_349.jpg,Murder Mystery 2,63.884,2023-03-28,750,500
filtered_posters1/poster_350.jpg,Anatomy of a Fall,63.527,2023-08-23,750,500
filtered_posters1/poster_351.jpg,Piglady,63.462,2023-08-22,750,500
filtered_posters1/poster_352.jpg,Batman v Superman: Dawn of Justice,63.42,2016-03-23,750,500
filtered_posters1/poster_353.jpg,R.I.P.D. 2: Rise of the Damned,63.257,2022-11-15,750,500
filtered_posters1/poster_354.jpg,Alien Invasion,63.176,2023-05-11,750,500
filtered_posters1/poster_355.jpg,Kepler Sexto B,63.181,2023-06-16,750,500
filtered_posters1/poster_356.jpg,Rick and Morty vs. Genocider,63.069,2020-07-25,750,500
filtered_posters1/poster_357.jpg,Do Not Disturb,63.146,2023-09-29,750,500
filtered_posters1/poster_358.jpg,Soul,62.847,2020-12-25,750,500
filtered_posters1/poster_359.jpg,Wrong Turn,62.861,2021-01-26,750,500
filtered_posters1/poster_360.jpg,World War Z,62.787,2013-06-20,750,500
filtered_posters1/poster_361.jpg,The Ice Age Adventures of Buck Wild,62.706,2022-01-28,750,500
filtered_posters1/poster_362.jpg,SuperFly,62.598,2018-06-13,750,500
filtered_posters1/poster_363.jpg,Annabelle Comes Home,62.619,2019-06-26,750,500
filtered_posters1/poster_364.jpg,Ted 2,62.552,2015-06-25,750,500
filtered_posters1/poster_365.jpg,Renfield,62.461,2023-04-07,750,500
filtered_posters1/poster_366.jpg,Sasaki and Miyano: Graduation,62.427,2023-02-17,750,500
filtered_posters1/poster_367.jpg,Dragon Ball Z: Resurrection 'F',62.49,2015-04-18,750,500
filtered_posters1/poster_368.jpg,Smile,62.175,2022-09-23,750,500
filtered_posters1/poster_369.jpg,Ghostbusters: Afterlife,62.109,2021-11-11,750,500
filtered_posters1/poster_370.jpg,Sympathy for the Devil,62.018,2023-07-20,750,500
filtered_posters1/poster_371.jpg,Mad Max: Fury Road,61.838,2015-05-13,750,500
filtered_posters1/poster_372.jpg,Joy Ride,61.808,2023-06-22,750,500
filtered_posters1/poster_373.jpg,The First Purge,61.642,2018-07-04,750,500
filtered_posters1/poster_374.jpg,Taken 3,61.657,2014-12-16,750,500
filtered_posters1/poster_375.jpg,The Book of Life,61.678,2014-10-01,750,500
filtered_posters1/poster_376.jpg,Grown Ups 2,61.462,2013-07-11,750,500
filtered_posters1/poster_377.jpg,I Believe,61.346,2019-06-06,750,500
filtered_posters1/poster_378.jpg,Maze Runner: The Death Cure,61.345,2018-01-10,750,500
filtered_posters1/poster_379.jpg,Venom,61.257,2018-09-28,750,500
filtered_posters1/poster_380.jpg,Luca,61.337,2021-06-17,750,500
filtered_posters1/poster_381.jpg,The Fate of the Furious,61.115,2017-04-12,750,500
filtered_posters1/poster_382.jpg,The Croods: A New Age,61.159,2020-11-25,750,500
filtered_posters1/poster_383.jpg,Lobis. Unknown Trasures,60.944,2022-02-04,750,500
filtered_posters1/poster_384.jpg,Through My Window: Across the Sea,60.936,2023-06-23,750,500
filtered_posters1/poster_385.jpg,Jeanne du Barry,60.814,2023-05-16,750,500
filtered_posters1/poster_386.jpg,Lit­tle Allan — The Human Antenna,60.848,2022-07-21,750,500
filtered_posters1/poster_387.jpg,Iron Man 3,60.387,2013-04-18,750,500
filtered_posters1/poster_388.jpg,Marlon Wayans Presents: The Headliners,59.893,2022-04-21,750,500
filtered_posters1/poster_389.jpg,Jeepers Creepers: Reborn,60.331,2022-09-15,750,500
filtered_posters1/poster_390.jpg,The Purge: Anarchy,59.767,2014-07-17,750,500
filtered_posters1/poster_391.jpg,The Three Musketeers: D'Artagnan,59.707,2023-04-05,750,500
filtered_posters1/poster_392.jpg,Project Gemini,59.465,2022-01-06,750,500
filtered_posters1/poster_393.jpg,No Time to Die,59.296,2021-09-29,750,500
filtered_posters1/poster_394.jpg,The Forever Purge,58.955,2021-06-30,750,500
filtered_posters1/poster_395.jpg,Roald Dahl's Matilda the Musical,59.133,2022-11-25,750,500
filtered_posters1/poster_396.jpg,Sorcery,58.778,2023-01-21,750,500
filtered_posters1/poster_397.jpg,Rick and Morty: Summer Meets God (Rick Meets Evil),58.707,2021-08-02,750,500
filtered_posters1/poster_398.jpg,Asteroid City,58.676,2023-06-08,750,500
filtered_posters1/poster_399.jpg,Between Us,59.158,2023-07-12,750,500
filtered_posters1/poster_400.jpg,The Addams Family,59.109,2019-10-10,750,500
filtered_posters1/poster_401.jpg,Medusa's Venom,58.779,2023-02-14,750,500
filtered_posters1/poster_402.jpg,Medusa Deluxe,58.468,2023-06-08,750,500
filtered_posters1/poster_403.jpg,Ford v Ferrari,58.389,2019-11-13,750,500
filtered_posters1/poster_404.jpg,The Boy and the Heron,58.375,2023-07-14,750,500
filtered_posters1/poster_405.jpg,Unwelcome,57.905,2023-01-27,750,500
filtered_posters1/poster_406.jpg,Once Upon a Studio,58.426,2023-09-24,750,500
filtered_posters1/poster_407.jpg,Feed,57.712,2022-10-28,750,500
filtered_posters1/poster_408.jpg,Stand by Me Doraemon,58.166,2014-08-08,750,500
filtered_posters1/poster_409.jpg,The Bad Guys,57.882,2022-03-17,750,500
filtered_posters1/poster_410.jpg,Morbius,58.171,2022-03-30,750,500
filtered_posters1/poster_411.jpg,AKA,57.236,2023-04-28,750,500
filtered_posters1/poster_412.jpg,DC League of Super-Pets,57.356,2022-07-27,750,500
filtered_posters1/poster_413.jpg,The Hangover Part III,57.888,2013-05-23,750,500
filtered_posters1/poster_414.jpg,The Lost City,56.996,2022-03-24,750,500
filtered_posters1/poster_415.jpg,Kung Fu Panda 3,57.341,2016-01-23,750,500
filtered_posters1/poster_416.jpg,xXx: Return of Xander Cage,57.86,2017-01-13,750,500
filtered_posters1/poster_417.jpg,Maze Runner: The Scorch Trials,56.761,2015-09-09,750,500
filtered_posters1/poster_418.jpg,Charlie's Angels,57.161,2019-11-14,750,500
filtered_posters1/poster_419.jpg,The Witch: Part 2. The Other One,56.995,2022-06-15,750,500
filtered_posters1/poster_420.jpg,Ibiza Blue,56.703,2023-06-16,750,500
filtered_posters1/poster_421.jpg,Snoopy Presents: One-of-a-Kind Marcie,56.714,2023-08-17,750,500
filtered_posters1/poster_422.jpg,Captain Marvel,56.658,2019-03-06,750,500
filtered_posters1/poster_423.jpg,Shotgun Wedding,56.547,2022-12-28,750,500
filtered_posters1/poster_424.jpg,Nimona,57.642,2023-06-23,750,500
filtered_posters1/poster_425.jpg,Dirty Games,56.248,2022-02-06,750,500
filtered_posters1/poster_426.jpg,Beauty and the Beast,56.32,2017-03-16,750,500
filtered_posters1/poster_427.jpg,Nightcrawler,56.671,2014-10-23,750,500
filtered_posters1/poster_428.jpg,Train to Busan,56.222,2016-07-20,750,500
filtered_posters1/poster_429.jpg,Despicable Me 2,56.889,2013-06-26,750,500
filtered_posters1/poster_430.jpg,The Mount 2,56.856,2023-05-12,750,500
filtered_posters1/poster_431.jpg,Upgrade,56.058,2018-05-31,750,500
filtered_posters1/poster_432.jpg,Joy,56.126,2015-12-24,750,500
filtered_posters1/poster_433.jpg,Ready Player One,55.584,2018-03-28,750,500
filtered_posters1/poster_434.jpg,Pretty Young Sister 4,55.553,2021-01-15,750,500
filtered_posters1/poster_435.jpg,Jungle Cruise,55.57,2021-07-28,750,500
filtered_posters1/poster_436.jpg,Star Wars: The Rise of Skywalker,55.568,2019-12-18,750,500
filtered_posters1/poster_437.jpg,Odd Man Rush,55.382,2020-09-01,750,500
filtered_posters1/poster_438.jpg,How to Train Your Dragon: The Hidden World,55.954,2019-01-03,750,500
filtered_posters1/poster_439.jpg,Penguins of Madagascar,55.871,2014-11-22,750,500
filtered_posters1/poster_440.jpg,The Dive,55.367,2023-08-24,750,500
filtered_posters1/poster_441.jpg,Glass Onion: A Knives Out Mystery,55.189,2022-11-12,750,500
filtered_posters1/poster_442.jpg,Aquaman,55.158,2018-12-07,750,500
filtered_posters1/poster_443.jpg,Mortal Kombat,54.81,2021-04-07,750,500
filtered_posters1/poster_444.jpg,Flora and Son,54.838,2023-09-21,750,500
filtered_posters1/poster_445.jpg,Wonder Woman 1984,54.725,2020-12-16,750,500
filtered_posters1/poster_446.jpg,The Secret Kingdom,54.499,2023-04-27,750,500
filtered_posters1/poster_447.jpg,LEGO Disney Princess: The Castle Quest,54.682,2023-08-18,750,500
filtered_posters1/poster_448.jpg,The Whale,54.896,2022-12-09,750,500
filtered_posters1/poster_449.jpg,Medieval,54.78,2022-09-08,750,500
filtered_posters1/poster_450.jpg,F9,54.436,2021-05-19,750,500
filtered_posters1/poster_451.jpg,Barbarians,54.235,2021-09-23,750,500
filtered_posters1/poster_452.jpg,Sonic the Hedgehog,54.337,2020-02-12,750,500
filtered_posters1/poster_453.jpg,"Justice League x RWBY: Super Heroes & Huntsmen, Part Two",55.087,2023-10-17,750,500
filtered_posters1/poster_454.jpg,The Fallout,54.007,2021-03-17,750,500
filtered_posters1/poster_455.jpg,Once Upon a Time… in Hollywood,54.423,2019-07-24,750,500
filtered_posters1/poster_456.jpg,Nobody,53.743,2021-03-18,750,500
filtered_posters1/poster_457.jpg,Jurassic World: Fallen Kingdom,53.753,2018-06-22,750,500
filtered_posters1/poster_458.jpg,Exodus: Gods and Kings,53.496,2014-12-03,750,500
filtered_posters1/poster_459.jpg,Pirates of the Caribbean: Dead Men Tell No Tales,54.396,2017-05-23,750,500
filtered_posters1/poster_460.jpg,Herd,53.622,2023-10-13,750,500
filtered_posters1/poster_461.jpg,Togo,53.505,2019-12-20,750,500
filtered_posters1/poster_462.jpg,An Interview with God,54.412,2018-08-20,750,500
filtered_posters1/poster_463.jpg,The Ghost,53.214,2023-09-29,750,500
filtered_posters1/poster_464.jpg,A Frozen Rooster,53.323,2022-12-14,750,500
filtered_posters1/poster_465.jpg,Violent Night,53.129,2022-11-30,750,500
filtered_posters1/poster_466.jpg,Orphan: First Kill,52.948,2022-07-27,750,500
filtered_posters1/poster_467.jpg,Tayuan,53.037,2023-06-23,750,500
filtered_posters1/poster_468.jpg,The Ledge,52.998,2022-02-18,750,500
filtered_posters1/poster_469.jpg,Split,53.066,2017-01-19,750,500
filtered_posters1/poster_470.jpg,Kingsman: The Secret Service,52.829,2014-12-13,750,500
filtered_posters1/poster_471.jpg,Upon Entry,52.948,2023-06-16,750,500
filtered_posters1/poster_472.jpg,Fifty Shades Darker,53.027,2017-02-08,750,500
filtered_posters1/poster_473.jpg,Dragon Ball Z: Battle of Gods,53.56,2013-03-30,750,500
filtered_posters1/poster_474.jpg,Girl in the Basement,52.65,2021-02-27,750,500
filtered_posters1/poster_475.jpg,Guillermo del Toro's Pinocchio,52.141,2022-11-09,750,500
filtered_posters1/poster_476.jpg,Your Name Engraved Herein,52.339,2020-09-30,750,500
filtered_posters1/poster_477.jpg,The Mercator Trail,52.386,2022-03-30,750,500
filtered_posters1/poster_478.jpg,The Exorcist,52.673,2022-11-02,750,500
filtered_posters1/poster_479.jpg,The Hunger Games: Catching Fire,52.498,2013-11-15,750,500
filtered_posters1/poster_480.jpg,The Hobbit: The Desolation of Smaug,52.1,2013-12-11,750,500
filtered_posters1/poster_481.jpg,Shark Side of the Moon,52.009,2022-08-12,750,500
filtered_posters1/poster_482.jpg,No Way Out,51.661,2021-04-15,750,500
filtered_posters1/poster_483.jpg,How to Train Your Dragon 2,51.9,2014-06-05,750,500
filtered_posters1/poster_484.jpg,Greta,52.03,2018-09-06,750,500
filtered_posters1/poster_485.jpg,No Manches Frida 2,51.509,2019-03-15,750,500
filtered_posters1/poster_486.jpg,Creed II,51.285,2018-11-21,750,500
filtered_posters1/poster_487.jpg,Baywatch,51.686,2017-05-25,750,500
filtered_posters1/poster_488.jpg,Logan,51.475,2017-02-28,750,500
filtered_posters1/poster_489.jpg,The Boss Baby: Christmas Bonus,51.635,2022-12-06,750,500
filtered_posters1/poster_490.jpg,The Venture Bros.: Radiant Is the Blood of the Baboon Heart,51.681,2023-07-21,750,500
filtered_posters1/poster_491.jpg,Monster High: The Movie,51.018,2022-10-06,750,500
filtered_posters1/poster_492.jpg,The Jack in the Box: Awakening,50.952,2022-02-24,750,500
filtered_posters1/poster_493.jpg,The Sea Beast,51.278,2022-06-24,750,500
filtered_posters1/poster_494.jpg,Extraction,51.191,2020-04-24,750,500
filtered_posters1/poster_495.jpg,Alienoid,51.226,2022-07-20,750,500
filtered_posters1/poster_496.jpg,Roald Dahl's The Witches,51.1,2020-10-26,750,500
filtered_posters1/poster_497.jpg,Mummies,50.866,2023-01-05,750,500
filtered_posters1/poster_498.jpg,The Haunting of the Tower of London,50.838,2022-06-27,750,500
filtered_posters1/poster_499.jpg,Trolls World Tour,50.805,2020-03-11,750,500
